ID,resname,resid,x_1,y_1,z_1,x_2,y_2,z_2,x_3,y_3,z_3,x_4,y_4,z_4,x_5,y_5,z_5
R1107,G,1,-24.316,-9.847,-16.311,-25.218,-9.778,-15.383,-24.669,-9.122,-15.565,-24.506,-9.006,-15.127,-23.995,-9.65,-15.23
R1107,G,2,-24.663,-10.715,-15.911,-24.798,-9.594,-16.316,-24.554,-9.082,-16.198,-24.003,-9.422,-14.589,-24.526,-9.534,-16.368
R1107,G,3,-23.789,-8.76,-16.108,-23.749,-9.205,-16.151,-24.775,-8.947,-15.895,-22.741,-10.014,-15.99,-23.753,-9.729,-16.439
R1107,G,4,-24.458,-9.363,-16.483,-23.979,-10.271,-16.034,-24.551,-9.664,-16.635,-23.825,-8.978,-15.517,-24.079,-9.864,-15.854
R1107,G,5,-24.301,-9.266,-15.815,-23.059,-9.801,-15.782,-24.7,-9.498,-15.453,-24.646,-8.955,-16.202,-24.122,-9.27,-15.352
R1107,C,6,6.585,-22.615,3.319,7.084,-21.589,3.871,6.81,-21.543,3.994,7.736,-21.375,3.974,6.376,-23.238,3.726
R1107,C,7,7.078,-22.082,4.53,7.06,-22.359,3.258,6.282,-21.648,3.443,7.09,-21.433,3.99,6.81,-22.624,3.064
R1107,A,8,-30.995,-32.088,-2.364,-31.67,-32.689,-2.399,-31.367,-32.541,-2.284,-32.004,-32.556,-2.083,-31.55,-31.596,-2.573
R1107,C,9,6.139,-22.485,3.821,5.717,-22.691,3.566,7.048,-20.773,3.041,6.568,-22.157,3.721,6.734,-22.44,3.316
R1107,A,10,-31.542,-33.471,-1.532,-31.608,-32.509,-2.485,-31.503,-32.94,-2.295,-31.683,-32.039,-2.687,-32.146,-31.596,-2.51
R1107,G,11,-23.983,-9.343,-15.559,-23.233,-9.794,-15.504,-24.436,-10.572,-15.232,-23.851,-9.189,-15.316,-23.528,-10.276,-16.0
R1107,C,12,6.939,-22.072,3.385,7.532,-21.897,4.324,7.073,-22.699,3.573,7.079,-22.371,3.547,6.687,-22.234,3.943
R1107,A,13,-31.735,-32.868,-2.257,-32.311,-32.577,-1.831,-32.084,-33.501,-2.548,-31.444,-31.753,-1.714,-31.33,-32.727,-2.0
R1107,G,14,-24.914,-9.738,-15.733,-25.196,-9.92,-15.754,-24.001,-8.875,-15.397,-23.838,-9.822,-14.781,-24.196,-9.471,-15.473
R1107,A,15,-32.47,-32.546,-1.964,-31.107,-32.959,-2.433,-31.52,-32.717,-2.72,-31.349,-33.358,-2.216,-32.333,-32.466,-2.566
R1107,A,16,-31.311,-32.883,-2.408,-32.247,-31.858,-2.218,-32.748,-32.192,-2.074,-32.112,-32.33,-2.129,-32.102,-32.863,-2.44
R1107,G,17,-24.008,-10.119,-15.203,-24.331,-8.239,-15.71,-24.253,-8.826,-15.335,-22.747,-8.685,-16.188,-24.435,-9.088,-16.121
R1107,C,18,6.289,-21.388,4.152,6.826,-21.758,4.076,6.075,-22.027,4.041,6.697,-21.915,4.648,6.76,-22.424,4.361
R1107,G,19,-23.826,-9.221,-15.601,-23.639,-8.132,-15.338,-24.949,-9.735,-16.177,-24.779,-8.962,-15.525,-23.772,-9.837,-16.668
R1107,U,20,-56.865,-14.299,-10.09,-56.719,-14.927,-9.007,-56.915,-12.686,-9.583,-56.848,-13.416,-9.484,-57.7,-12.594,-9.6
R1107,U,21,-57.111,-14.236,-9.818,-57.336,-13.219,-9.273,-57.578,-13.906,-8.9,-57.723,-13.981,-9.421,-57.83,-14.267,-9.001
R1107,C,22,6.887,-21.644,3.038,6.554,-22.252,3.911,6.782,-21.394,2.98,6.904,-22.337,4.253,6.574,-22.248,3.295
R1107,A,23,-32.006,-31.717,-2.655,-30.82,-32.444,-3.087,-32.128,-32.314,-2.18,-31.826,-32.934,-2.683,-32.081,-32.03,-2.408
R1107,C,24,6.526,-21.794,3.988,6.229,-22.483,4.16,6.742,-22.659,3.999,6.455,-22.203,3.717,6.725,-22.316,4.739
R1107,G,25,-24.336,-9.748,-16.321,-24.101,-10.232,-15.33,-24.219,-9.354,-16.733,-24.573,-9.785,-15.811,-25.099,-9.588,-15.628
R1107,U,26,-57.356,-13.624,-9.183,-56.976,-13.016,-9.118,-56.869,-13.056,-9.717,-57.132,-13.548,-9.019,-57.702,-14.529,-10.364
R1107,C,27,6.927,-21.103,4.061,5.911,-22.003,3.065,6.858,-21.599,4.39,6.429,-22.327,4.142,5.888,-22.083,4.242
R1107,G,28,-23.134,-9.525,-15.833,-24.423,-9.877,-15.634,-23.392,-10.003,-15.637,-23.961,-9.583,-16.095,-24.17,-9.685,-15.222
R1107,C,29,5.968,-22.583,3.356,6.942,-21.582,3.995,6.639,-22.468,3.57,6.238,-22.665,3.075,6.058,-21.944,3.299
R1107,A,30,-31.86,-33.476,-2.091,-32.287,-32.487,-2.262,-31.644,-32.399,-3.12,-31.548,-32.192,-2.934,-32.553,-32.548,-2.169
R1107,G,31,-24.245,-9.727,-15.956,-24.862,-9.341,-16.292,-24.548,-9.541,-15.901,-24.886,-8.837,-15.666,-24.269,-9.673,-15.53
R1107,C,32,6.746,-22.536,3.329,6.345,-22.585,3.752,7.007,-22.405,3.956,6.81,-21.339,4.472,5.695,-21.771,3.87
R1107,C,33,7.154,-21.885,3.829,6.416,-21.869,4.583,7.305,-22.044,3.492,7.316,-21.837,4.499,6.472,-22.061,3.36
R1107,C,34,6.232,-23.316,3.359,8.052,-22.701,3.593,6.97,-22.082,3.579,6.671,-21.45,3.611,6.992,-21.868,3.961
R1107,C,35,6.401,-22.226,3.991,6.573,-21.105,3.415,6.126,-22.861,3.942,5.613,-22.488,4.421,6.671,-21.975,3.396
R1107,U,36,-56.572,-13.395,-9.052,-57.801,-14.264,-9.567,-57.611,-13.907,-9.582,-57.951,-13.072,-9.805,-56.748,-13.871,-9.995
R1107,G,37,-24.664,-9.36,-16.038,-24.304,-9.963,-15.99,-24.794,-10.45,-15.052,-24.858,-9.58,-16.242,-23.952,-10.056,-16.19
R1107,U,38,-56.972,-13.683,-9.723,-57.544,-13.265,-9.295,-56.958,-13.948,-9.61,-57.216,-13.609,-9.824,-56.771,-13.237,-9.651
R1107,C,39,6.838,-21.71,3.994,7.305,-21.912,3.774,7.559,-21.467,3.925,7.42,-21.109,3.579,7.075,-22.039,4.716
R1107,A,40,-31.429,-32.682,-2.839,-31.541,-31.797,-2.207,-31.145,-32.015,-2.548,-31.915,-32.532,-2.324,-31.329,-32.511,-2.554
R1107,G,41,-23.9,-9.559,-15.763,-24.486,-9.934,-15.417,-24.844,-8.978,-16.304,-24.136,-8.706,-15.28,-24.577,-9.597,-15.394
R1107,C,42,7.175,-22.343,4.494,6.035,-21.147,4.885,6.069,-21.753,3.877,6.836,-21.991,4.134,7.405,-22.248,2.953
R1107,C,43,6.431,-22.459,3.952,6.891,-21.807,3.919,6.36,-21.893,3.055,5.291,-22.383,3.999,6.618,-22.164,3.795
R1107,A,44,-32.69,-33.031,-2.255,-31.998,-32.384,-2.097,-32.125,-31.779,-3.4,-32.293,-32.474,-2.252,-32.044,-32.928,-2.27
R1107,U,45,-57.116,-14.426,-9.178,-56.807,-13.662,-9.583,-57.419,-13.255,-9.321,-56.886,-14.507,-8.832,-56.706,-13.326,-9.141
R1107,U,46,-56.591,-14.313,-9.893,-57.751,-13.332,-8.76,-57.888,-12.968,-8.564,-56.993,-14.185,-9.427,-56.811,-13.739,-8.428
R1107,G,47,-24.294,-8.896,-15.644,-24.892,-9.191,-15.962,-23.942,-9.044,-15.629,-24.692,-9.722,-15.378,-25.645,-8.864,-16.149
R1107,C,48,6.12,-22.147,2.973,7.037,-22.084,3.405,6.902,-21.911,3.75,6.961,-21.391,4.766,6.495,-22.321,4.263
R1107,A,49,-31.877,-31.934,-1.516,-31.057,-31.605,-2.256,-31.933,-32.731,-2.331,-31.886,-33.082,-2.738,-31.027,-33.222,-2.93
R1107,C,50,6.36,-22.833,3.596,6.364,-21.755,4.033,6.509,-23.097,3.626,6.801,-21.706,3.907,6.527,-22.094,4.228
R1107,U,51,-57.334,-13.077,-9.434,-57.183,-13.014,-8.9,-57.751,-13.211,-8.785,-56.744,-14.211,-8.333,-56.884,-13.234,-9.042
R1107,C,52,7.021,-22.483,4.082,6.859,-21.259,3.56,6.77,-22.6,3.3,7.077,-22.039,3.081,7.858,-23.218,3.943
R1107,C,53,6.908,-22.618,4.395,6.292,-21.571,4.295,6.96,-22.6,3.703,7.316,-22.151,3.699,6.687,-22.345,3.55
R1107,G,54,-24.464,-9.296,-15.906,-25.158,-8.96,-15.518,-23.793,-9.861,-15.282,-24.541,-10.009,-15.319,-24.103,-9.34,-16.224
R1107,G,55,-24.144,-10.175,-16.34,-24.254,-9.528,-14.768,-25.343,-9.767,-15.394,-24.589,-9.116,-15.936,-24.041,-8.563,-16.254
R1107,C,56,6.08,-21.882,4.736,6.55,-22.439,2.871,6.004,-21.998,3.38,7.107,-21.764,3.909,6.345,-22.069,4.161
R1107,U,57,-56.613,-13.044,-9.037,-56.274,-13.762,-9.639,-56.804,-13.168,-9.853,-56.764,-13.632,-10.056,-57.879,-12.789,-10.399
R1107,G,58,-23.916,-10.124,-15.35,-23.845,-8.634,-15.724,-24.414,-11.01,-15.508,-24.465,-8.682,-15.781,-24.449,-9.114,-15.707
R1107,C,59,6.903,-21.932,3.819,6.381,-22.693,4.241,6.169,-22.508,4.12,6.96,-21.75,3.254,7.16,-21.397,3.61
R1107,G,60,-25.075,-10.38,-15.877,-24.466,-8.6,-15.504,-24.27,-9.241,-15.545,-23.659,-9.431,-15.441,-23.733,-10.221,-15.858
R1107,A,61,-32.036,-32.525,-2.491,-30.544,-31.565,-1.986,-31.888,-32.159,-2.634,-32.137,-33.064,-2.705,-30.887,-32.491,-2.509
R1107,A,62,-32.322,-32.352,-2.073,-31.21,-32.64,-3.323,-31.699,-32.646,-2.586,-31.503,-32.79,-2.92,-31.72,-32.784,-2.513
R1107,U,63,-57.946,-12.698,-9.786,-57.647,-12.764,-9.085,-56.299,-13.529,-9.134,-56.84,-14.307,-9.782,-57.483,-12.925,-9.113
R1107,U,64,-57.194,-12.863,-9.554,-56.717,-12.724,-9.406,-57.186,-13.18,-10.329,-57.203,-13.583,-10.193,-56.566,-12.94,-9.283
R1107,C,65,6.804,-21.686,4.104,6.673,-22.072,4.901,6.792,-21.779,3.948,6.643,-22.129,4.007,5.957,-21.921,3.873
R1107,U,66,-57.228,-13.344,-9.507,-57.053,-13.44,-9.621,-56.233,-12.947,-9.694,-56.992,-13.743,-9.179,-57.245,-12.972,-9.339
R1107,G,67,-24.316,-8.764,-16.888,-24.826,-9.148,-15.081,-24.02,-8.404,-15.361,-24.234,-9.534,-15.68,-24.857,-9.305,-16.093
R1107,C,68,6.939,-22.617,3.99,6.475,-22.165,4.258,6.847,-22.327,3.614,7.613,-21.953,3.754,6.885,-21.369,3.862
R1107,U,69,-56.864,-13.356,-9.922,-57.213,-12.898,-9.458,-56.851,-14.389,-9.798,-58.004,-14.429,-10.539,-56.872,-13.454,-9.727
R1108,G,1,-24.461,-9.148,-14.34,-24.094,-9.354,-15.482,-24.409,-9.855,-15.536,-24.008,-9.407,-14.941,-24.51,-8.894,-15.393
R1108,G,2,-24.943,-9.415,-16.067,-24.877,-9.803,-15.258,-24.51,-9.8,-15.785,-24.009,-9.611,-16.534,-24.226,-9.488,-15.219
R1108,G,3,-24.101,-8.551,-15.941,-24.642,-10.197,-15.709,-25.244,-9.753,-16.596,-24.144,-9.649,-16.12,-24.935,-8.416,-16.305
R1108,G,4,-24.557,-9.064,-16.361,-23.819,-8.902,-16.931,-24.496,-9.653,-16.673,-24.425,-9.178,-15.291,-24.491,-10.127,-15.877
R1108,G,5,-24.812,-10.267,-15.985,-24.906,-9.527,-16.125,-24.285,-10.243,-15.907,-24.497,-9.553,-15.524,-25.269,-9.555,-15.858
R1108,C,6,6.56,-21.876,3.952,6.511,-22.361,4.024,7.408,-21.934,3.893,6.983,-22.014,2.935,6.312,-22.051,3.856
R1108,C,7,7.032,-21.306,3.988,7.179,-22.125,4.537,6.989,-21.918,4.414,6.177,-23.162,2.408,6.623,-22.831,3.77
R1108,A,8,-31.628,-32.932,-2.228,-32.008,-31.511,-1.576,-32.061,-32.048,-1.545,-32.669,-32.647,-1.912,-32.292,-32.663,-1.504
R1108,C,9,7.32,-22.147,3.978,6.834,-23.246,3.475,7.339,-21.701,3.069,6.715,-22.396,4.912,6.977,-23.024,3.501
R1108,A,10,-31.857,-33.188,-2.356,-31.159,-32.343,-1.986,-31.511,-32.262,-3.524,-32.813,-32.077,-3.338,-31.137,-33.41,-2.321
R1108,G,11,-24.956,-9.059,-15.57,-23.906,-9.034,-15.738,-24.675,-9.355,-15.218,-24.614,-8.516,-15.391,-24.953,-9.321,-15.919
R1108,C,12,6.315,-22.608,4.74,6.903,-21.757,4.509,7.246,-22.424,3.888,7.576,-21.285,3.908,6.699,-21.255,3.72
R1108,A,13,-31.548,-32.229,-2.256,-31.257,-32.011,-3.188,-31.861,-32.516,-2.385,-31.849,-32.72,-2.2,-31.868,-32.13,-2.555
R1108,G,14,-25.225,-9.062,-15.651,-23.927,-8.941,-16.052,-24.079,-9.685,-16.022,-24.678,-9.45,-16.398,-24.056,-10.254,-15.632
R1108,A,15,-31.751,-32.484,-1.83,-32.302,-31.635,-1.869,-31.344,-33.547,-2.166,-32.032,-32.341,-1.976,-31.061,-33.182,-2.4
R1108,A,16,-31.958,-31.976,-1.484,-31.293,-31.584,-2.921,-31.674,-32.616,-2.312,-31.577,-32.558,-1.833,-31.419,-32.624,-1.424
R1108,G,17,-24.614,-10.352,-16.017,-23.498,-8.854,-16.003,-24.254,-8.995,-16.044,-24.914,-8.607,-15.801,-24.281,-9.566,-15.353
R1108,C,18,7.123,-22.153,2.476,6.706,-20.968,3.738,7.078,-22.596,3.846,7.09,-21.435,3.784,6.792,-22.402,3.685
R1108,G,19,-24.611,-9.617,-15.485,-24.717,-9.352,-16.56,-23.401,-8.665,-16.353,-24.681,-10.071,-16.068,-23.595,-9.999,-16.749
R1108,U,20,-56.345,-13.27,-9.738,-56.854,-13.55,-9.217,-57.509,-13.629,-9.45,-57.229,-13.668,-9.653,-57.873,-13.609,-9.191
R1108,U,21,-57.135,-13.492,-9.828,-56.938,-13.886,-8.961,-57.185,-14.035,-9.401,-57.775,-12.69,-9.537,-57.535,-12.945,-10.142
R1108,C,22,7.291,-20.845,3.842,6.345,-22.195,4.493,6.919,-22.678,3.528,6.816,-21.973,3.531,7.296,-21.889,3.688
R1108,A,23,-32.43,-32.094,-2.146,-32.178,-32.174,-2.041,-31.655,-32.528,-2.201,-31.915,-32.057,-2.906,-31.898,-33.471,-1.731
R1108,C,24,5.889,-21.815,3.748,7.028,-21.609,4.034,7.263,-21.98,3.311,7.377,-21.997,4.102,7.069,-21.469,3.379
R1108,G,25,-24.03,-10.12,-15.23,-24.562,-10.391,-15.606,-24.061,-9.195,-15.852,-25.094,-8.629,-15.367,-22.898,-9.507,-15.976
R1108,U,26,-57.282,-13.187,-9.751,-58.045,-13.425,-9.742,-57.076,-13.68,-9.81,-56.683,-13.07,-9.452,-56.816,-13.245,-8.672
R1108,C,27,6.132,-22.021,3.984,8.038,-22.577,3.127,6.747,-21.545,3.541,6.677,-21.515,3.972,5.704,-21.541,3.618
R1108,G,28,-24.832,-9.885,-16.341,-24.696,-8.666,-15.538,-24.475,-8.801,-16.834,-24.12,-9.932,-15.951,-24.183,-9.053,-15.638
R1108,G,29,-24.23,-9.813,-16.54,-24.966,-8.878,-15.353,-23.24,-8.534,-15.65,-25.274,-10.619,-16.2,-24.925,-8.956,-16.269
R1108,C,30,6.879,-22.019,4.42,6.512,-22.189,4.105,7.219,-21.09,3.456,6.394,-22.012,3.575,7.113,-21.563,3.674
R1108,C,31,6.561,-22.144,2.614,6.741,-21.548,4.193,6.224,-22.261,3.989,6.678,-23.166,3.967,6.217,-22.528,3.133
R1108,C,32,6.885,-22.357,4.605,6.68,-22.29,5.147,6.382,-22.253,3.23,7.515,-22.224,3.901,6.669,-22.617,4.657
R1108,C,33,6.411,-21.821,4.046,6.616,-23.223,4.101,7.068,-21.382,3.566,6.064,-22.383,4.559,6.441,-23.519,3.935
R1108,U,34,-57.44,-12.63,-8.753,-56.858,-13.431,-8.878,-57.373,-14.365,-9.404,-57.034,-13.418,-9.44,-57.132,-13.404,-8.859
R1108,G,35,-24.397,-8.87,-15.126,-24.428,-9.172,-16.12,-24.489,-9.579,-16.69,-22.888,-9.246,-16.818,-23.834,-9.09,-16.075
R1108,U,36,-57.186,-13.076,-9.149,-57.164,-13.796,-9.705,-57.52,-14.098,-9.219,-56.346,-13.194,-9.206,-57.506,-13.427,-8.881
R1108,C,37,6.402,-21.924,3.667,6.663,-22.744,3.022,5.864,-22.813,3.586,6.719,-21.119,3.636,6.434,-22.518,3.047
R1108,A,38,-32.162,-32.838,-2.029,-31.793,-32.061,-2.071,-31.633,-33.335,-2.159,-31.179,-32.178,-3.049,-32.293,-32.485,-2.746
R1108,G,39,-24.395,-9.464,-16.615,-24.955,-9.624,-14.85,-24.349,-9.149,-15.754,-24.332,-10.123,-16.077,-23.572,-10.215,-15.495
R1108,C,40,7.066,-22.336,3.467,7.626,-21.909,4.435,6.048,-21.916,3.978,6.122,-22.432,4.46,6.652,-22.923,3.239
R1108,C,41,6.502,-21.424,3.117,6.544,-22.577,3.723,6.474,-21.367,4.071,6.712,-22.595,3.456,7.944,-22.195,4.513
R1108,A,42,-31.22,-32.888,-2.186,-31.411,-32.161,-1.782,-31.811,-32.413,-2.43,-31.46,-32.998,-2.46,-31.573,-32.466,-1.676
R1108,U,43,-56.432,-13.46,-9.104,-56.198,-13.976,-9.644,-56.86,-12.897,-8.834,-57.752,-13.569,-9.861,-57.709,-14.362,-9.771
R1108,U,44,-56.709,-12.881,-9.421,-57.645,-13.136,-9.093,-56.899,-14.161,-9.736,-57.041,-13.625,-8.824,-56.924,-12.896,-9.522
R1108,G,45,-23.942,-9.877,-16.353,-24.63,-9.234,-15.292,-24.015,-9.068,-15.734,-24.103,-9.25,-15.919,-24.55,-8.805,-16.234
R1108,C,46,6.351,-22.096,3.53,7.231,-22.144,4.201,6.699,-23.194,3.218,6.728,-22.313,3.869,6.926,-21.873,4.074
R1108,A,47,-31.525,-32.6,-1.994,-31.754,-32.989,-2.044,-31.524,-32.187,-2.807,-32.236,-32.825,-1.637,-32.449,-32.088,-2.547
R1108,C,48,6.893,-22.644,4.144,7.62,-22.061,3.905,7.0,-21.949,4.543,6.467,-22.055,4.127,7.133,-22.455,4.765
R1108,U,49,-57.004,-12.643,-9.528,-57.395,-13.539,-9.529,-57.315,-13.83,-9.441,-57.248,-13.934,-9.398,-56.895,-13.143,-8.354
R1108,C,50,6.798,-22.071,3.595,6.357,-22.486,4.154,6.639,-21.646,4.268,6.722,-22.176,4.056,6.807,-22.776,3.217
R1108,C,51,6.85,-21.426,4.044,6.626,-21.315,4.824,6.967,-23.544,4.667,6.618,-21.283,3.589,7.453,-21.997,3.72
R1108,G,52,-23.571,-9.72,-16.564,-24.779,-9.547,-15.894,-24.96,-8.873,-15.697,-24.551,-9.378,-15.591,-25.439,-10.002,-15.254
R1108,G,53,-24.737,-9.768,-16.069,-23.997,-9.244,-15.499,-24.421,-8.691,-15.235,-23.895,-9.377,-15.55,-24.611,-9.607,-15.219
R1108,C,54,6.254,-22.007,3.572,6.753,-22.651,3.622,6.651,-22.197,2.638,6.316,-22.396,3.5,7.002,-22.246,4.113
R1108,U,55,-56.937,-13.259,-9.608,-56.821,-12.888,-9.396,-57.362,-13.301,-9.443,-56.956,-13.63,-9.381,-56.777,-14.301,-8.984
R1108,G,56,-25.05,-9.605,-15.621,-23.557,-9.054,-15.703,-24.605,-9.545,-16.35,-24.806,-8.927,-17.342,-24.112,-9.779,-16.336
R1108,C,57,6.832,-22.397,3.932,6.673,-21.422,3.548,7.199,-22.387,3.847,7.646,-21.63,3.947,7.504,-22.11,3.653
R1108,G,58,-24.334,-9.667,-16.533,-23.797,-9.211,-15.275,-23.556,-9.667,-15.495,-24.316,-8.541,-16.403,-24.845,-9.957,-15.622
R1108,A,59,-31.779,-32.407,-2.599,-32.847,-33.209,-2.236,-31.596,-33.122,-2.552,-31.528,-32.028,-1.407,-30.959,-33.837,-2.572
R1108,A,60,-31.293,-32.27,-1.674,-31.682,-32.421,-3.326,-32.331,-32.802,-2.438,-31.762,-32.367,-2.063,-31.972,-32.815,-2.921
R1108,U,61,-57.776,-12.833,-9.297,-57.126,-14.175,-9.5,-57.906,-13.697,-9.211,-57.086,-13.484,-8.977,-57.032,-12.615,-9.701
R1108,U,62,-56.299,-13.759,-8.842,-56.633,-12.957,-8.285,-56.724,-13.664,-9.634,-57.563,-13.304,-8.322,-58.372,-13.624,-9.183
R1108,C,63,7.241,-23.008,2.664,5.74,-21.972,3.74,6.59,-22.113,4.073,7.333,-22.518,3.84,7.597,-21.632,3.859
R1108,U,64,-57.488,-13.87,-9.574,-57.484,-14.334,-9.097,-57.752,-12.994,-8.955,-57.353,-13.923,-8.845,-56.673,-13.632,-9.89
R1108,G,65,-23.763,-10.02,-15.416,-23.629,-8.668,-15.741,-24.952,-10.074,-15.878,-24.302,-9.843,-15.526,-24.225,-10.048,-15.286
R1108,C,66,6.837,-21.892,4.087,6.747,-22.718,4.327,7.09,-20.998,3.733,6.631,-22.487,3.524,6.28,-22.396,3.557
R1108,U,67,-57.298,-13.534,-9.302,-57.47,-13.277,-9.427,-56.668,-12.752,-8.755,-57.019,-13.595,-8.14,-56.27,-13.668,-9.21
